Driver,Group
Carlo Abate,Group 4
George Abecassis,Group 2
Kenny Acheson,Group 4
Andrea de Adamich,Group 2
Philippe Adams,Group 2
Walt Ader,Group 2
Kurt Adolff,Group 2
Fred Agabashian,Group 2
Kurt Ahrens Jr.,Group 2
Jack Aitken,Group 2
Christijan Albers,Group 2
Alexander Albon,Group 2
Michele Alboreto,Group 2
Jean Alesi,Group 2
Jaime Alguersuari,Group 2
Philippe Alliot,Group 2
Cliff Allison,Group 2
Fernando Alonso,Group 1
Giovanna Amati,Group 4
George Amick,Group 1
Red Amick,Group 2
Chris Amon,Group 2
Bob Anderson,Group 2
Conny Andersson,Group 4
Emil Andres,Group 4
Mario Andretti,Group 1
Michael Andretti,Group 2
Keith Andrews,Group 2
Elio de Angelis,Group 2
Marco Apicella,Group 2
Mário de Araújo Cabral,Group 2
Frank Armi,Group 4
Chuck Arnold,Group 4
René Arnoux,Group 1
Peter Arundell,Group 2
Alberto Ascari,Group 3
Peter Ashdown,Group 2
Ian Ashley,Group 4
Gerry Ashmore,Group 2
Bill Aston,Group 4
Richard Attwood,Group 2
Manny Ayulo,Group 2
Luca Badoer,Group 2
Giancarlo Baghetti,Group 2
Julian Bailey,Group 4
Mauro Baldi,Group 2
Bobby Ball,Group 2
Marcel Balsa,Group 2
Lorenzo Bandini,Group 1
Henry Banks,Group 2
Fabrizio Barbazza,Group 4
John Barber,Group 2
Skip Barber,Group 2
Paolo Barilla,Group 2
Rubens Barrichello,Group 1
Michael Bartels,Group 4
Edgar Barth,Group 2
Giorgio Bassi,Group 2
Erwin Bauer,Group 2
Zsolt Baumgartner,Group 2
Élie Bayol,Group 2
Don Beauman,Group 2
Karl-Günther Bechem[g],Group 2
Jean Behra,Group 2
Derek Bell,Group 4
Stefan Bellof,Group 2
Paul Belmondo,Group 4
Tom Belsø,Group 4
Jean-Pierre Beltoise,Group 2
Olivier Beretta,Group 2
Allen Berg,Group 2
Georges Berger,Group 2
Gerhard Berger,Group 1
Éric Bernard,Group 2
Enrique Bernoldi,Group 2
Enrico Bertaggia,Group 4
Tony Bettenhausen,Group 2
Mike Beuttler,Group 2
Birabongse Bhanudej,Group 2
Jules Bianchi,Group 2
Lucien Bianchi,Group 2
Gino Bianco,Group 2
Hans Binder,Group 2
Clemente Biondetti,Group 2
Pablo Birger,Group 2
Art Bisch,Group 2
Harry Blanchard,Group 2
Michael Bleekemolen,Group 4
Alex Blignaut,Group 4
Trevor Blokdyk,Group 4
Mark Blundell,Group 2
Raul Boesel,Group 2
Menato Boffa,Group 4
Bob Bondurant,Group 2
Felice Bonetto,Group 2
Jo Bonnier,Group 2
Roberto Bonomi,Group 2
Juan Manuel Bordeu,Group 4
Slim Borgudd,Group 2
Luki Botha,Group 2
Valtteri Bottas,Group 1
Jean-Christophe Boullion,Group 2
Sébastien Bourdais,Group 2
Thierry Boutsen,Group 2
Johnny Boyd,Group 2
David Brabham,Group 2
Gary Brabham,Group 4
Jack Brabham,Group 1
Bill Brack,Group 2
Ernesto Brambilla,Group 4
Vittorio Brambilla,Group 2
Toni Branca,Group 2
Gianfranco Brancatelli,Group 4
Eric Brandon,Group 2
Don Branson,Group 2
Tom Bridger,Group 2
Tony Brise,Group 2
Chris Bristow,Group 2
Peter Broeker,Group 2
Tony Brooks,Group 1
Alan Brown,Group 2
Walt Brown,Group 2
Warwick Brown,Group 2
Adolf Brudes,Group 2
Martin Brundle,Group 2
Gianmaria Bruni,Group 2
Jimmy Bryan,Group 1
Clemar Bucci,Group 2
Ronnie Bucknum,Group 2
Ivor Bueb,Group 2
Sébastien Buemi,Group 2
Luiz Bueno,Group 2
Ian Burgess,Group 2
Luciano Burti,Group 2
Roberto Bussinello,Group 2
Jenson Button,Group 1
Tommy Byrne,Group 4
Giulio Cabianca,Group 2
Phil Cade,Group 4
Alex Caffi,Group 2
John Campbell-Jones,Group 2
Adrián Campos,Group 2
John Cannon,Group 2
Eitel Cantoni,Group 2
Bill Cantrell,Group 4
Ivan Capelli,Group 2
Piero Carini,Group 2
Duane Carter,Group 2
Eugenio Castellotti,Group 1
Johnny Cecotto,Group 2
Andrea de Cesaris,Group 2
François Cevert,Group 1
Eugène Chaboud,Group 2
Jay Chamberlain,Group 4
Karun Chandhok,Group 2
Alain de Changy,Group 4
Colin Chapman,Group 4
Dave Charlton,Group 2
Pedro Chaves,Group 4
Bill Cheesbourg,Group 2
Eddie Cheever,Group 2
Andrea Chiesa,Group 4
Max Chilton,Group 2
Ettore Chimeri,Group 2
Louis Chiron,Group 2
Joie Chitwood,Group 2
Bob Christie,Group 2
Johnny Claes,Group 2
David Clapham,Group 4
Jim Clark,Group 3
Kevin Cogan,Group 4
Peter Collins,Group 1
Bernard Collomb,Group 2
Alberto Colombo,Group 4
Érik Comas,Group 2
Franco Comotti,Group 2
George Connor,Group 2
George Constantine,Group 2
John Cordts,Group 2
David Coulthard,Group 1
Piers Courage,Group 2
Chris Craft,Group 4
Jim Crawford,Group 2
Ray Crawford,Group 2
Alberto Crespo,Group 4
Antonio Creus,Group 2
Larry Crockett,Group 2
Tony Crook,Group 2
Art Cross,Group 2
Geoffrey Crossley,Group 2
Jérôme d'Ambrosio,Group 2
Chuck Daigh,Group 4
Yannick Dalmas,Group 4
Derek Daly,Group 2
Christian Danner,Group 2
Jorge Daponte,Group 2
Anthony Davidson,Group 2
Jimmy Davies,Group 2
Colin Davis,Group 2
Jimmy Daywalt,Group 2
Jean-Denis Délétraz,Group 2
Patrick Depailler,Group 1
Pedro Diniz,Group 2
Duke Dinsmore,Group 2
Frank Dochnal,Group 4
José Dolhem,Group 4
Martin Donnelly,Group 2
Mark Donohue,Group 2
Robert Doornbos,Group 2
Ken Downing,Group 2
Bob Drake,Group 2
Paddy Driver,Group 4
Piero Drogo,Group 2
Bernard de Dryver,Group 4
Johnny Dumfries,Group 2
Geoff Duke,Group 4
Len Duncan,Group 4
Piero Dusio,Group 4
George Eaton,Group 2
Bernie Ecclestone,Group 4
Don Edmunds,Group 4
Guy Edwards,Group 2
Vic Elford,Group 2
Ed Elisian,Group 2
Paul Emery,Group 4
Tomáš Enge,Group 2
Paul England,Group 2
Marcus Ericsson,Group 2
Harald Ertl,Group 2
Nasif Estéfano,Group 4
Philippe Étancelin,Group 2
Bob Evans,Group 2
Corrado Fabi,Group 2
Teo Fabi,Group 2
Pascal Fabre,Group 2
Carlo Facetti,Group 4
Luigi Fagioli,Group 1
Jack Fairman,Group 2
Juan Manuel Fangio,Group 3
Nino Farina,Group 1
Walt Faulkner,Group 2
William Ferguson,Group 4
Maria Teresa de Filippis,Group 2
Ralph Firman,Group 2
Ludwig Fischer,Group 4
Rudi Fischer,Group 2
Mike Fisher,Group 4
Giancarlo Fisichella,Group 2
John Fitch,Group 2
Christian Fittipaldi,Group 2
Emerson Fittipaldi,Group 1
Pietro Fittipaldi,Group 2
Wilson Fittipaldi,Group 2
Theo Fitzau,Group 2
Pat Flaherty,Group 1
Jan Flinterman,Group 2
Ron Flockhart,Group 2
Myron Fohr,Group 2
Gregor Foitek,Group 4
George Follmer,Group 2
George Fonder,Group 4
Norberto Fontana,Group 2
Asdrúbal Fontes Bayardo,Group 4
Carl Forberg,Group 4
Gene Force,Group 4
Franco Forini,Group 2
Philip Fotheringham-Parker,Group 2
A. J. Foyt,Group 2
Giorgio Francia,Group 4
Don Freeland,Group 2
Heinz-Harald Frentzen,Group 2
Paul Frère,Group 2
Patrick Friesacher,Group 2
Joe Fry,Group 2
Hiroshi Fushida,Group 4
Beppe Gabbiani,Group 4
Bertrand Gachot,Group 4
Patrick Gaillard,Group 4
Divina Galica,Group 4
Nanni Galli,Group 2
Oscar Alfredo Gálvez,Group 2
Fred Gamble,Group 2
Howden Ganley,Group 2
Giedo van der Garde,Group 2
Frank Gardner,Group 2
Billy Garrett,Group 2
Jo Gartner,Group 2
Pierre Gasly,Group 2
Tony Gaze,Group 2
Geki,Group 2
Olivier Gendebien,Group 2
Marc Gené,Group 2
Elmer George,Group 4
Bob Gerard,Group 2
Gerino Gerini,Group 2
Peter Gethin,Group 2
Piercarlo Ghinzani,Group 2
Bruno Giacomelli,Group 2
Dick Gibson,Group 2
Gimax,Group 4
Richie Ginther,Group 1
Antonio Giovinazzi,Group 2
Yves Giraud-Cabantous,Group 2
Ignazio Giunti,Group 2
Timo Glock,Group 2
Helm Glöckler,Group 4
Paco Godia,Group 2
Carel Godin de Beaufort,Group 2
Christian Goethals,Group 2
Paul Goldsmith,Group 1
José Froilán González,Group 1
Óscar González,Group 2
Aldo Gordini,Group 2
Horace Gould,Group 2
Jean-Marc Gounon,Group 2
Emmanuel de Graffenried,Group 2
Lucas di Grassi,Group 2
Cecil Green,Group 2
Keith Greene,Group 4
Masten Gregory,Group 2
Cliff Griffith,Group 4
Georges Grignard,Group 2
Bobby Grim,Group 2
Romain Grosjean,Group 2
Olivier Grouillard,Group 2
Brian Gubby,Group 4
André Guelfi,Group 2
Miguel Ángel Guerra,Group 4
Roberto Guerrero,Group 2
Maurício Gugelmin,Group 2
Dan Gurney,Group 1
Esteban Gutiérrez,Group 2
Hubert Hahne,Group 2
Mike Hailwood,Group 2
Mika Häkkinen,Group 1
Bruce Halford,Group 2
Jim Hall,Group 2
Duncan Hamilton,Group 2
Lewis Hamilton,Group 3
David Hampshire,Group 2
Sam Hanks,Group 1
Walt Hansgen,Group 2
Mike Harris,Group 2
Cuth Harrison,Group 2
Brian Hart,Group 4
Brendon Hartley,Group 2
Gene Hartley,Group 2
Rio Haryanto,Group 2
Masahiro Hasemi,Group 2
Naoki Hattori,Group 4
Paul Hawkins,Group 2
Mike Hawthorn,Group 1
Boy Hayje,Group 4
Willi Heeks,Group 2
Nick Heidfeld,Group 2
Theo Helfrich,Group 2
Mack Hellings,Group 2
Brian Henton,Group 4
Johnny Herbert,Group 2
Al Herman,Group 2
Hans Herrmann,Group 2
François Hesnault,Group 2
Hans Heyer,Group 2
Damon Hill,Group 1
Graham Hill,Group 1
Phil Hill,Group 1
Peter Hirt,Group 2
David Hobbs,Group 2
Gary Hocking,Group 4
Ingo Hoffmann,Group 4
Bill Holland,Group 1
Jackie Holmes,Group 4
Bill Homeier,Group 4
Kazuyoshi Hoshino,Group 2
Jerry Hoyt,Group 1
Nico Hülkenberg,Group 2
Denny Hulme,Group 1
James Hunt,Group 1
Jim Hurtubise,Group 2
Gus Hutchison,Group 2
Jacky Ickx,Group 1
Yuji Ide,Group 2
Jesús Iglesias,Group 2
Taki Inoue,Group 2
Innes Ireland,Group 2
Eddie Irvine,Group 2
Chris Irwin,Group 2
Jean-Pierre Jabouille,Group 2
Jimmy Jackson,Group 2
Joe James,Group 2
John James,Group 2
Jean-Pierre Jarier,Group 2
Max Jean[w],Group 2
Stefan Johansson,Group 2
Eddie Johnson,Group 2
Leslie Johnson,Group 2
Bruce Johnstone,Group 2
Alan Jones,Group 1
Tom Jones,Group 4
Juan Jover,Group 4
Oswald Karch,Group 2
Narain Karthikeyan,Group 2
Ukyo Katayama,Group 2
Ken Kavanagh,Group 4
Rupert Keegan,Group 2
Eddie Keizan,Group 2
Al Keller,Group 2
Joe Kelly,Group 2
David Kennedy,Group 4
Loris Kessel,Group 4
Bruce Kessler,Group 4
Nicolas Kiesa,Group 2
Leo Kinnunen,Group 4
Danny Kladis,Group 4
Hans Klenk,Group 2
Peter de Klerk,Group 2
Christian Klien,Group 2
Karl Kling,Group 1
Ernst Klodwig,Group 2
Kamui Kobayashi,Group 2
Helmuth Koinigg,Group 2
Heikki Kovalainen,Group 2
Mikko Kozarowitzky,Group 4
Willi Krakau,Group 4
Rudolf Krause,Group 2
Robert Kubica,Group 2
Kurt Kuhnke,Group 4
Masami Kuwashima,Group 4
Daniil Kvyat,Group 2
Robert La Caze,Group 2
Jacques Laffite,Group 1
Franck Lagorce,Group 2
Jan Lammers,Group 4
Pedro Lamy,Group 2
Chico Landi,Group 2
Hermann Lang,Group 2
Claudio Langes,Group 4
Nicola Larini,Group 2
Oscar Larrauri,Group 4
Gérard Larrousse,Group 4
Jud Larson,Group 4
Nicholas Latifi,Group 2
Niki Lauda,Group 1
Roger Laurent,Group 2
Giovanni Lavaggi,Group 2
Chris Lawrence,Group 2
Charles Leclerc,Group 1
Michel Leclère,Group 2
Neville Lederle,Group 4
Geoff Lees,Group 4
Gijs van Lennep,Group 2
Arthur Legat,Group 2
JJ Lehto,Group 2
Lamberto Leoni,Group 4
Les Leston,Group 2
Pierre Levegh,Group 2
Bayliss Levrett,Group 4
Jackie Lewis,Group 2
Stuart Lewis-Evans,Group 1
Guy Ligier,Group 2
Andy Linden,Group 2
Roberto Lippi,Group 4
Vitantonio Liuzzi,Group 2
Dries van der Lof,Group 2
Lella Lombardi,Group 2
Ricardo Londoño,Group 4
Ernst Loof,Group 2
André Lotterer,Group 2
Henri Louveau,Group 2
John Love,Group 2
Pete Lovely,Group 2
Roger Loyer,Group 2
Jean Lucas,Group 2
Jean Lucienbonnet,Group 4
Erik Lundgren,Group 4
Brett Lunger,Group 2
Mike MacDowel,Group 2
Herbert MacKay-Fraser,Group 2
Bill Mackey,Group 2
Lance Macklin,Group 2
Damien Magee,Group 4
Tony Maggs,Group 2
Mike Magill,Group 2
Umberto Maglioli,Group 2
Jan Magnussen,Group 2
Kevin Magnussen,Group 2
Guy Mairesse,Group 2
Willy Mairesse,Group 2
Pastor Maldonado,Group 2
Nigel Mansell,Group 1
Sergio Mantovani,Group 2
Johnny Mantz,Group 4
Robert Manzon,Group 2
Onofre Marimón,Group 2
Helmut Marko,Group 2
Tarso Marques,Group 2
Leslie Marr,Group 2
Tony Marsh,Group 2
Eugène Martin,Group 2
Pierluigi Martini,Group 2
Jochen Mass,Group 2
Felipe Massa,Group 1
Cristiano da Matta,Group 2
Michael May,Group 2
Timmy Mayer,Group 2
Nikita Mazepin,Group 2
François Mazet,Group 2
Gastón Mazzacane,Group 2
Kenneth McAlpine,Group 2
Perry McCarthy,Group 4
Ernie McCoy,Group 4
Johnny McDowell,Group 2
Jack McGrath,Group 1
Brian McGuire,Group 4
Bruce McLaren,Group 1
Allan McNish,Group 2
Graham McRae,Group 2
Jim McWithey,Group 4
Carlos Menditeguy,Group 2
Roberto Merhi,Group 2
Harry Merkel,Group 4
Arturo Merzario,Group 2
Roberto Mieres,Group 2
François Migault,Group 2
John Miles,Group 2
Ken Miles,Group 4
André Milhoux,Group 2
Chet Miller,Group 4
Gerhard Mitter,Group 2
Stefano Modena,Group 2
Thomas Monarch,Group 4
Franck Montagny,Group 2
Tiago Monteiro,Group 2
Andrea Montermini,Group 2
Peter Monteverdi,Group 4
Robin Montgomerie-Charrington,Group 2
Juan Pablo Montoya,Group 1
Gianni Morbidelli,Group 2
Roberto Moreno,Group 4
Dave Morgan,Group 2
Silvio Moser,Group 2
Bill Moss,Group 4
Stirling Moss,Group 3
Gino Munaron,Group 2
David Murray,Group 2
Luigi Musso,Group 1
Kazuki Nakajima,Group 2
Satoru Nakajima,Group 2
Shinji Nakano,Group 2
Duke Nalon,Group 2
Alessandro Nannini,Group 2
Emanuele Naspetti,Group 2
Felipe Nasr,Group 2
Massimo Natili,Group 4
Brian Naylor,Group 2
Mike Nazaruk,Group 2
Tiff Needell,Group 4
Jac Nellemann,Group 4
Patrick Nève,Group 2
John Nicholson,Group 4
Cal Niday,Group 2
Helmut Niedermayr,Group 2
Brausch Niemann,Group 4
Gunnar Nilsson,Group 2
Hideki Noda,Group 2
Lando Norris,Group 2
Rodney Nuckey,Group 4
Robert O'Brien,Group 2
Esteban Ocon,Group 2
Pat O'Connor,Group 2
Casimiro de Oliveira,Group 4
Jackie Oliver,Group 2
Danny Ongais,Group 2
Rikky von Opel,Group 2
Karl Oppitzhauser,Group 4
Fritz d'Orey,Group 2
Arthur Owen,Group 2
Carlos Pace,Group 2
Nello Pagani,Group 2
Riccardo Paletti,Group 4
Torsten Palm,Group 4
Jolyon Palmer,Group 2
Jonathan Palmer,Group 2
Olivier Panis,Group 2
Giorgio Pantano,Group 2
Massimiliano Papis,Group 2
Mike Parkes,Group 1
Reg Parnell,Group 2
Tim Parnell,Group 4
Johnnie Parsons,Group 1
Riccardo Patrese,Group 2
Al Pease,Group 2
Roger Penske,Group 2
Cesare Perdisa,Group 2
Sergio Pérez,Group 2
Luis Pérez-Sala,Group 2
Larry Perkins,Group 2
Henri Pescarolo,Group 2
Alessandro Pesenti-Rossi,Group 2
Josef Peters,Group 2
Ronnie Peterson,Group 1
Vitaly Petrov,Group 2
Alfredo Pián,Group 4
Oscar Piastri,Group 2
Charles Pic,Group 2
François Picard,Group 2
Ernie Pieterse,Group 2
Paul Pietsch,Group 2
André Pilette,Group 2
Teddy Pilette,Group 4
Luigi Piotti,Group 2
David Piper,Group 2
Nelson Piquet,Group 1
Nelson Piquet Jr.,Group 2
Renato Pirocchi,Group 2
Didier Pironi,Group 1
Emanuele Pirro,Group 2
Antônio Pizzonia,Group 2
Eric van de Poele,Group 4
Jacques Pollet,Group 2
Ben Pon,Group 2
Dennis Poore,Group 2
Alfonso de Portago,Group 2
Sam Posey,Group 2
Charles Pozzi,Group 2
Jackie Pretorius,Group 2
Ernesto Prinoth,Group 4
David Prophet,Group 2
Alain Prost,Group 3
Tom Pryce,Group 2
David Purley,Group 2
Clive Puzey,Group 4
Dieter Quester,Group 4
Ian Raby,Group 4
Bobby Rahal,Group 2
Kimi Räikkönen,Group 1
Hermano da Silva Ramos,Group 2
Pierre-Henri Raphanel,Group 4
Dick Rathmann,Group 2
Jim Rathmann,Group 1
Roland Ratzenberger,Group 4
Héctor Rebaque,Group 2
Brian Redman,Group 2
Jimmy Reece,Group 2
Ray Reed,Group 4
Alan Rees,Group 2
Clay Regazzoni,Group 1
Paul di Resta,Group 2
Carlos Reutemann,Group 1
Lance Reventlow,Group 4
Peter Revson,Group 1
John Rhodes,Group 2
Alex Ribeiro,Group 4
Daniel Ricciardo,Group 1
Ken Richardson,Group 4
Fritz Riess,Group 2
Jim Rigsby,Group 4
Jochen Rindt,Group 1
John Riseley-Prichard,Group 2
Giovanni de Riu,Group 4
Richard Robarts,Group 2
Pedro Rodríguez,Group 2
Ricardo Rodríguez,Group 2
Alberto Rodriguez Larreta,Group 2
Franco Rol,Group 2
Alan Rollinson,Group 4
Tony Rolt,Group 2
Bertil Roos,Group 2
Pedro de la Rosa,Group 2
Keke Rosberg,Group 2
Nico Rosberg,Group 1
Mauri Rose,Group 1
Louis Rosier,Group 2
Ricardo Rosset,Group 2
Alexander Rossi,Group 2
Huub Rothengatter,Group 2
Basil van Rooyen,Group 2
Lloyd Ruby,Group 2
Jean-Claude Rudaz,Group 4
George Russell,Group 2
Eddie Russo,Group 2
Paul Russo,Group 2
Troy Ruttman,Group 2
Peter Ryan,Group 2
Eddie Sachs,Group 2
Bob Said,Group 2
Carlos Sainz Jr.,Group 2
Eliseo Salazar,Group 2
Mika Salo,Group 2
Roy Salvadori,Group 2
Consalvo Sanesi,Group 2
Stéphane Sarrazin,Group 2
Logan Sargeant,Group 2
Takuma Sato,Group 2
Carl Scarborough,Group 2
Ludovico Scarfiotti,Group 1
Giorgio Scarlatti,Group 2
Ian Scheckter,Group 2
Jody Scheckter,Group 1
Harry Schell,Group 2
Tim Schenken,Group 2
Albert Scherrer,Group 2
Domenico Schiattarella,Group 2
Heinz Schiller,Group 2
Bill Schindler,Group 2
Jean-Louis Schlesser,Group 4
Jo Schlesser,Group 2
Bernd Schneider,Group 4
Rudolf Schoeller,Group 2
Rob Schroeder,Group 2
Michael Schumacher,Group 3
Mick Schumacher,Group 2
Ralf Schumacher,Group 1
Vern Schuppan,Group 2
Adolfo Schwelm Cruz,Group 2
Bob Scott,Group 2
Archie Scott Brown,Group 2
Piero Scotti,Group 2
Wolfgang Seidel,Group 2
Günther Seiffert,Group 4
Ayrton Senna,Group 3
Bruno Senna,Group 2
Dorino Serafini,Group 1
Chico Serra,Group 4
Doug Serrurier,Group 2
Johnny Servoz-Gavin,Group 2
Tony Settember,Group 2
Hap Sharp,Group 2
Brian Shawe-Taylor,Group 2
Carroll Shelby,Group 2
Tony Shelly,Group 4
Jo Siffert,Group 2
André Simon,Group 2
Sergey Sirotkin,Group 2
Rob Slotemaker,Group 4
Moisés Solana,Group 2
Alex Soler-Roig,Group 2
Raymond Sommer,Group 2
Vincenzo Sospiri,Group 4
Stephen South,Group 4
Mike Sparken,Group 2
Scott Speed,Group 2
Mike Spence,Group 2
Alan Stacey,Group 2
Gaetano Starrabba,Group 2
Will Stevens,Group 2
Chuck Stevenson,Group 2
Ian Stewart,Group 2
Jackie Stewart,Group 3
Jimmy Stewart,Group 2
Siegfried Stohr,Group 2
Rolf Stommelen,Group 2
Philippe Streiff,Group 2
Lance Stroll,Group 2
Hans Stuck,Group 2
Hans-Joachim Stuck,Group 2
Otto Stuppacher,Group 4
Danny Sullivan,Group 2
Marc Surer,Group 2
John Surtees,Group 1
Andy Sutcliffe,Group 4
Adrian Sutil,Group 2
Len Sutton,Group 2
Aguri Suzuki,Group 2
Toshio Suzuki,Group 2
Jacques Swaters,Group 2
Bob Sweikert,Group 1
Toranosuke Takagi,Group 2
Noritake Takahara,Group 2
Kunimitsu Takahashi,Group 2
Patrick Tambay,Group 2
Luigi Taramazzo,Group 4
Gabriele Tarquini,Group 4
Piero Taruffi,Group 1
Dennis Taylor,Group 4
Henry Taylor,Group 2
John Taylor,Group 2
Mike Taylor,Group 4
Trevor Taylor,Group 2
Marshall Teague,Group 2
Shorty Templeman,Group 2
Max de Terra,Group 2
André Testut,Group 4
Mike Thackwell,Group 4
Alfonso Thiele,Group 2
Eric Thompson,Group 2
Johnny Thomson,Group 1
Leslie Thorne,Group 2
Bud Tingelstad,Group 2
Sam Tingle,Group 2
Desmond Titterington,Group 2
Johnnie Tolan,Group 4
Alejandro de Tomaso,Group 2
Charles de Tornaco,Group 4
Tony Trimmer,Group 4
Maurice Trintignant,Group 2
Wolfgang von Trips,Group 1
Jarno Trulli,Group 2
Yuki Tsunoda,Group 2
Esteban Tuero,Group 2
Guy Tunmer,Group 2
Jack Turner,Group 2
Toni Ulmen,Group 2
Bobby Unser,Group 4
Jerry Unser Jr.,Group 2
Alberto Uria,Group 2
Nino Vaccarella,Group 2
Stoffel Vandoorne,Group 2
Bob Veith,Group 2
Jean-Éric Vergne,Group 2
Jos Verstappen,Group 2
Max Verstappen,Group 1
Sebastian Vettel,Group 1
Gilles Villeneuve,Group 1
Jacques Villeneuve,Group 1
Jacques Villeneuve Sr.,Group 4
Luigi Villoresi,Group 2
Emilio de Villota,Group 4
Ottorino Volonterio,Group 2
Jo Vonlanthen,Group 2
Ernie de Vos,Group 4
Nyck de Vries,Group 2
Bill Vukovich,Group 3
Syd van der Vyver,Group 4
Fred Wacker,Group 2
David Walker,Group 2
Peter Walker,Group 2
Lee Wallard,Group 3
Heini Walter,Group 2
Rodger Ward,Group 2
Derek Warwick,Group 2
John Watson,Group 2
Spider Webb,Group 2
Mark Webber,Group 1
Pascal Wehrlein,Group 2
Volker Weidler,Group 4
Wayne Weiler,Group 2
Karl Wendlinger,Group 2
Peter Westbury,Group 4
Chuck Weyant,Group 2
Ken Wharton,Group 2
Ted Whiteaway,Group 4
Graham Whitehead,Group 2
Peter Whitehead,Group 2
Bill Whitehouse,Group 2
Robin Widdows,Group 2
Eppie Wietzes,Group 2
Mike Wilds,Group 4
Jonathan Williams,Group 2
Roger Williamson,Group 2
Dempsey Wilson,Group 4
Desiré Wilson,Group 4
Justin Wilson,Group 2
Vic Wilson,Group 4
Joachim Winkelhock,Group 4
Manfred Winkelhock,Group 2
Markus Winkelhock,Group 2
Reine Wisell,Group 2
Roelof Wunderink,Group 4
Alexander Wurz,Group 2
Sakon Yamamoto,Group 2
Alex Yoong,Group 2
Alessandro Zanardi,Group 2
Emilio Zapico,Group 4
Zhou Guanyu,Group 2
Ricardo Zonta,Group 2
Renzo Zorzi,Group 2
Ricardo Zunino,Group 2
